{
  "currentFrameRate": 103.841,
  "gestures": [
    {
      "direction": [
        -0.133032,
        -0.991088,
        0.00680577
      ],
      "duration": 96263,
      "handIds": [
        4
      ],
      "id": 7,
      "pointableIds": [
        40
      ],
      "position": [
        -36.331,
        160.692,
        1.00715
      ],
      "progress": 1,
      "state": "stop",
      "type": "keyTap"
    },
    {
      "direction": [
        0.0757022,
        -0.963768,
        -0.255772
      ],
      "duration": 96263,
      "handIds": [
        4
      ],
      "id": 8,
      "pointableIds": [
        42
      ],
      "position": [
        -4.14266,
        176.467,
        -72.6622
      ],
      "progress": 1,
      "state": "stop",
      "type": "keyTap"
    }
  ],
  "hands": [
    {
      "armBasis": [
        [
          0.526941,
          -0.078291,
          -0.846288
        ],
        [
          0.12706,
          0.991814,
          -0.0126396
        ],
        [
          0.84035,
          -0.100869,
          0.532576
        ]
      ],
      "armWidth": 52.7382,
      "confidence": 0.833171,
      "direction": [
        -0.230377,
        0.476056,
        -0.848703
      ],
      "elbow": [
        232.29,
        121.826,
        167.761
      ],
      "grabStrength": 0,
      "id": 4,
      "palmNormal": [
        -0.259833,
        -0.870591,
        -0.417802
      ],
      "palmPosition": [
        27.358,
        163.315,
        11.3686
      ],
      "palmVelocity": [
        8.84783,
        17.1223,
        -38.7048
      ],
      "palmWidth": 75.3083,
      "pinchStrength": 0,
      "r": [
        [
          0.997229,
          -0.0533223,
          0.0518761
        ],
        [
          0.0528178,
          0.998543,
          0.0110475
        ],
        [
          -0.0523896,
          -0.00827691,
          0.998592
        ]
      ],
      "s": 1.09444,
      "sphereCenter": [
        12.817,
        115.355,
        -34.8153
      ],
      "sphereRadius": 70.4951,
      "stabilizedPalmPosition": [
        26.471,
        166.496,
        12.4562
      ],
      "t": [
        5.41025,
        -36.6531,
        -0.324433
      ],
      "timeVisible": 1.55985,
      "type": "right",
      "wrist": [
        44.4997,
        144.367,
        48.7481
      ]
    }
  ],
  "id": 12613,
  "interactionBox": {
    "center": [
      0,
      138.877,
      0
    ],
    "size": [
      163.352,
      163.352,
      102.596
    ]
  },
  "pointables": [
    {
      "bases": [
        [
          [
            0.564804,
            0.821568,
            0.0776033
          ],
          [
            -0.548603,
            0.303564,
            0.779027
          ],
          [
            0.616466,
            -0.482571,
            0.622169
          ]
        ],
        [
          [
            0.473692,
            0.880639,
            -0.00957735
          ],
          [
            -0.491801,
            0.273528,
            0.826628
          ],
          [
            0.73058,
            -0.386857,
            0.562667
          ]
        ],
        [
          [
            0.473692,
            0.880639,
            -0.00957735
          ],
          [
            -0.640063,
            0.351716,
            0.683093
          ],
          [
            0.604926,
            -0.317445,
            0.730269
          ]
        ],
        [
          [
            0.473692,
            0.880639,
            -0.00957735
          ],
          [
            -0.614945,
            0.338522,
            0.712212
          ],
          [
            0.630443,
            -0.331479,
            0.701899
          ]
        ]
      ],
      "btipPosition": [
        -38.7629,
        169.531,
        -2.38188
      ],
      "carpPosition": [
        20.7031,
        138.169,
        55.0681
      ],
      "dipPosition": [
        -26.5512,
        163.11,
        11.214
      ],
      "direction": [
        -0.604926,
        0.317445,
        -0.730269
      ],
      "extended": true,
      "handId": 4,
      "id": 40,
      "length": 43.1344,
      "mcpPosition": [
        20.7031,
        138.169,
        55.0681
      ],
      "pipPosition": [
        -9.48051,
        154.152,
        31.8217
      ],
      "stabilizedTipPosition": [
        -36.2869,
        165.011,
        0.940606
      ],
      "timeVisible": 1.55985,
      "tipPosition": [
        -38.1669,
        166.929,
        -0.339964
      ],
      "tipVelocity": [
        7.33362,
        131.884,
        -11.4211
      ],
      "tool": false,
      "touchDistance": 0.320233,
      "touchZone": "hovering",
      "type": 0,
      "width": 16.76
    },
    {
      "bases": [
        [
          [
            0.885777,
            -0.0425744,
            -0.462154
          ],
          [
            0.199913,
            0.93367,
            0.297146
          ],
          [
            0.418849,
            -0.355596,
            0.835534
          ]
        ],
        [
          [
            0.909373,
            -0.0638923,
            -0.411046
          ],
          [
            -0.0866453,
            0.937368,
            -0.337392
          ],
          [
            0.406858,
            0.34243,
            0.846881
          ]
        ],
        [
          [
            0.909373,
            -0.0638923,
            -0.411046
          ],
          [
            -0.299096,
            0.586324,
            -0.752838
          ],
          [
            0.289107,
            0.807553,
            0.514077
          ]
        ],
        [
          [
            0.909373,
            -0.0638923,
            -0.411046
          ],
          [
            -0.382503,
            0.259947,
            -0.886633
          ],
          [
            0.163499,
            0.963507,
            0.21195
          ]
        ]
      ],
      "btipPosition": [
        -18.9387,
        135.341,
        -42.1219
      ],
      "carpPosition": [
        29.1277,
        155.645,
        52.1487
      ],
      "dipPosition": [
        -16.6267,
        148.966,
        -39.1247
      ],
      "direction": [
        -0.289107,
        -0.807553,
        -0.514077
      ],
      "extended": false,
      "handId": 4,
      "id": 41,
      "length": 48.6723,
      "mcpPosition": [
        3.62391,
        177.297,
        1.27277
      ],
      "pipPosition": [
        -10.8432,
        165.121,
        -28.8407
      ],
      "stabilizedTipPosition": [
        -18.3301,
        137.048,
        -40.9021
      ],
      "timeVisible": 1.55985,
      "tipPosition": [
        -20.3243,
        138.211,
        -43.8461
      ],
      "tipVelocity": [
        -12.7522,
        55.3061,
        -52.1986
      ],
      "tool": false,
      "touchDistance": 0.354923,
      "touchZone": "hovering",
      "type": 1,